,Humidity,Temperature (C),IsBiodegradable
0,0.89,9.472222222222221,1
1,0.86,9.355555555555561,1
2,0.89,9.37777777777778,1
3,0.83,8.28888888888889,1
4,0.83,8.75555555555555,1
5,0.85,9.222222222222221,1
6,0.95,7.73333333333333,1
7,0.89,8.77222222222222,1
8,0.82,10.8222222222222,1
9,0.72,13.772222222222199,1
10,0.67,16.016666666666698,0
11,0.54,17.1444444444444,0
12,0.55,17.8,0
13,0.51,17.3333333333333,0
14,0.47,18.8777777777778,0
15,0.46,18.9111111111111,0
16,0.6,15.3888888888889,0
17,0.63,15.55,0
18,0.69,14.255555555555599,1
19,0.7,13.144444444444401,1
20,0.77,11.55,1
21,0.76,11.183333333333302,1
22,0.79,10.1166666666667,1
23,0.77,10.2,1
24,0.62,10.4222222222222,0
25,0.66,9.91111111111111,1
26,0.8,11.183333333333302,1
27,0.79,7.155555555555559,1
28,0.82,6.111111111111111,1
29,0.83,6.78888888888889,1
30,0.85,7.26111111111111,1
31,0.83,7.8,1
32,0.78,9.87222222222223,1
33,0.72,12.2222222222222,1
34,0.61,15.0944444444444,0
35,0.52,17.3555555555556,0
36,0.46,19.0055555555555,0
37,0.4,20.044444444444398,0
38,0.4,21.05,0
39,0.37,21.1833333333333,0
40,0.4,20.1166666666667,0
41,0.36,20.216666666666697,0
42,0.43,20.0,0
43,0.5,17.8,0
44,0.53,16.0611111111111,0
45,0.55,15.022222222222199,0
46,0.58,14.4222222222222,0
47,0.59,14.255555555555599,0
48,0.6,13.772222222222199,0
49,0.63,13.283333333333301,0
50,0.87,8.63333333333333,1
51,0.83,11.25,1
52,0.89,11.183333333333302,1
53,0.95,10.6944444444444,1
54,0.93,11.1111111111111,1
55,0.93,11.1111111111111,1
56,0.82,12.166666666666698,1
57,0.79,12.755555555555599,1
58,0.84,13.838888888888901,1
59,0.73,16.1833333333333,0
60,0.67,17.516666666666698,0
61,0.67,17.3833333333333,0
62,0.71,17.3611111111111,0
63,0.74,17.2055555555556,0
64,0.81,15.6333333333333,1
65,0.9,13.5777777777778,1
66,0.86,10.911111111111099,1
67,0.99,8.8,1
68,0.93,8.961111111111109,1
69,0.96,8.2,1
70,0.96,7.68888888888889,1
71,0.96,7.76666666666666,1
72,0.96,8.2,1
73,0.93,8.17777777777778,1
74,0.82,7.31111111111111,1
75,0.93,7.64444444444444,1
76,0.93,6.62222222222222,1
77,0.93,6.68333333333333,1
78,0.93,6.0888888888888895,1
79,0.93,6.06666666666667,1
80,0.93,6.14444444444445,1
81,0.8,7.13333333333334,1
82,0.86,7.205555555555559,1
83,0.84,7.56666666666667,1
84,0.77,8.9,1
85,0.71,9.961111111111109,1
86,0.71,9.888888888888891,1
87,0.71,11.066666666666698,1
88,0.76,10.1166666666667,1
89,0.66,11.0388888888889,1
90,0.7,10.65,1
91,0.7,10.05,1
92,0.66,9.9,1
93,0.71,8.79444444444444,1
94,0.72,7.82777777777778,1
95,0.72,7.85555555555556,1
96,0.75,7.31666666666667,1
97,0.75,7.244444444444441,1
98,0.88,5.43888888888889,1
99,0.76,7.2,1
100,0.7,6.68888888888889,1
101,0.73,6.21111111111111,1
102,0.76,6.111111111111111,1
103,0.76,6.111111111111111,1
104,0.76,6.17222222222222,1
105,0.71,7.22222222222222,1
106,0.73,7.28888888888889,1
107,0.72,7.405555555555559,1
108,0.7,7.96111111111111,1
109,0.7,8.03333333333334,1
110,0.65,9.07777777777778,1
111,0.62,9.05,0
112,0.65,9.05,1
113,0.65,9.18333333333333,1
114,0.7,9.072222222222221,1
115,0.75,7.98333333333333,1
116,0.75,8.07222222222222,1
117,0.82,7.89444444444445,1
118,0.83,7.31111111111111,1
119,0.84,7.3388888888888895,1
120,0.85,6.62222222222222,1
121,0.88,6.06666666666667,1
122,0.88,8.33888888888889,1
123,0.91,5.18333333333333,1
124,0.94,3.72222222222222,1
125,0.93,4.85555555555556,1
126,0.92,5.21111111111111,1
127,0.92,6.25555555555555,1
128,0.87,7.7944444444444505,1
129,0.76,10.05,1
130,0.66,12.2,1
131,0.63,12.7,0
132,0.58,13.933333333333302,0
133,0.59,15.0944444444444,0
134,0.5,15.15,0
135,0.44,16.177777777777802,0
136,0.55,16.25,0
137,0.5,16.2944444444444,0
138,0.56,16.1,0
139,0.68,12.955555555555598,1
140,0.64,13.85,0
141,0.69,12.7777777777778,1
142,0.72,12.15,1
143,0.81,10.6777777777778,1
144,0.83,10.4444444444444,1
145,0.8,9.822222222222221,1
146,0.74,11.0277777777778,1
147,0.93,7.138888888888889,1
148,0.89,7.62222222222222,1
149,0.86,7.62777777777778,1
150,0.86,7.044444444444441,1
151,0.84,8.6,1
152,0.84,9.65,1
153,0.72,12.105555555555599,1
154,0.71,12.7777777777778,1
155,0.65,13.8111111111111,1
156,0.48,16.016666666666698,0
157,0.47,17.1277777777778,0
158,0.43,17.1444444444444,0
159,0.4,17.7777777777778,0
160,0.37,17.7777777777778,0
161,0.43,17.8055555555556,0
162,0.52,16.155555555555598,0
163,0.63,14.05,0
164,0.67,13.088888888888901,1
165,0.72,12.2888888888889,1
166,0.66,12.7777777777778,1
167,0.67,12.727777777777801,1
168,0.69,12.266666666666698,1
169,0.71,11.7111111111111,1
170,0.86,10.8277777777778,1
171,0.59,12.2,0
172,0.6,12.2,0
173,0.68,11.6888888888889,1
174,0.77,11.205555555555598,1
175,0.77,11.1333333333333,1
176,0.77,11.4388888888889,1
177,0.81,13.033333333333301,1
178,0.62,17.2444444444444,0
179,0.53,17.738888888888898,0
180,0.56,17.8444444444445,0
181,0.56,18.861111111111104,0
182,0.56,18.6666666666667,0
183,0.56,17.822222222222198,0
184,0.59,17.8,0
185,0.57,17.35,0
186,0.67,16.0666666666667,0
187,0.73,14.933333333333302,1
188,0.78,13.9222222222222,1
189,0.84,12.755555555555599,1
190,0.84,12.755555555555599,1
191,0.86,12.372222222222199,1
192,0.93,11.183333333333302,1
193,0.9,11.666666666666698,1
194,0.95,8.97777777777778,1
195,0.93,10.5777777777778,1
196,0.89,10.5333333333333,1
197,0.87,10.588888888888901,1
198,0.89,9.98333333333333,1
199,0.86,11.022222222222199,1
200,0.75,13.5388888888889,1
201,0.68,13.8888888888889,1
202,0.67,15.0,1
203,0.57,17.1833333333333,0
204,0.62,16.2,0
205,0.56,17.75,0
206,0.54,18.4055555555556,0
207,0.59,17.822222222222198,0
208,0.57,17.3111111111111,0
209,0.55,17.5055555555556,0
210,0.54,17.266666666666698,0
211,0.61,15.1388888888889,0
212,0.69,13.25,1
213,0.72,12.294444444444402,1
214,0.79,10.7,1
215,0.85,9.855555555555561,1
216,0.88,9.52222222222222,1
217,0.92,8.405555555555559,1
218,0.82,13.0111111111111,1
219,0.96,7.73333333333333,1
220,0.96,6.138888888888889,1
221,0.95,6.47222222222222,1
222,0.96,6.62777777777778,1
223,0.93,8.68888888888889,1
224,0.81,11.994444444444401,1
225,0.78,13.766666666666698,1
226,0.77,15.088888888888901,1
227,0.68,16.4555555555556,0
228,0.62,17.3111111111111,0
229,0.64,17.8722222222222,0
230,0.47,19.0388888888889,0
231,0.51,18.9777777777778,0
232,0.55,19.0055555555555,0
233,0.53,19.011111111111102,0
234,0.64,17.8666666666667,0
235,0.62,17.266666666666698,0
236,0.61,16.1888888888889,0
237,0.72,14.8833333333333,1
238,0.75,14.3277777777778,1
239,0.75,14.5111111111111,1
240,0.75,14.372222222222199,1
241,0.72,14.877777777777801,1
242,0.92,10.4055555555556,1
243,0.83,12.8222222222222,1
244,0.85,12.8,1
245,0.86,12.8277777777778,1
246,0.85,12.266666666666698,1
247,0.85,12.266666666666698,1
248,0.82,12.183333333333302,1
249,0.8,12.1722222222222,1
250,0.83,12.7111111111111,1
251,0.78,15.605555555555599,1
252,0.78,16.0222222222222,0
253,0.67,17.2,0
254,0.71,17.216666666666697,0
255,0.69,17.8277777777778,0
256,0.69,17.8277777777778,0
257,0.69,17.733333333333302,0
258,0.71,16.2722222222222,0
259,0.93,13.166666666666698,1
260,0.93,13.255555555555599,1
261,0.93,13.0111111111111,1
262,0.91,12.455555555555598,1
263,0.9,12.4888888888889,1
264,0.8,9.55555555555556,1
265,0.79,10.622222222222199,1
266,0.93,8.72222222222222,1
267,0.77,10.5333333333333,1
268,0.83,9.44444444444444,1
269,0.83,9.888888888888891,1
270,0.78,10.3666666666667,1
271,0.89,8.888888888888891,1
272,0.84,9.97777777777778,1
273,0.73,12.2,1
274,0.67,13.9611111111111,1
275,0.67,14.944444444444402,1
276,0.71,16.1833333333333,0
277,0.61,16.3666666666667,0
278,0.57,17.3722222222222,0
279,0.51,17.6722222222222,0
280,0.53,17.7222222222222,0
281,0.61,16.2388888888889,0
282,0.71,14.066666666666698,1
283,0.76,13.955555555555598,1
284,0.8,12.2888888888889,1
285,0.86,10.022222222222199,1
286,0.86,9.37777777777778,1
287,0.9,9.41666666666667,1
288,0.92,11.8277777777778,1
289,0.91,10.7611111111111,1
290,0.95,12.1555555555556,1
291,0.94,9.67222222222222,1
292,0.94,8.15,1
293,0.95,10.2,1
294,0.99,10.1166666666667,1
295,0.99,10.161111111111099,1
296,0.98,11.244444444444401,1
297,0.99,12.244444444444401,1
298,0.92,13.911111111111099,1
299,0.82,15.6166666666667,1
300,0.86,15.0722222222222,1
301,0.82,15.0722222222222,1
302,0.87,14.266666666666698,1
303,0.81,16.016666666666698,0
304,0.86,15.0277777777778,1
305,0.89,13.944444444444402,1
306,0.95,12.916666666666698,1
307,0.95,12.894444444444401,1
308,0.98,12.4,1
309,0.99,12.266666666666698,1
310,0.96,12.2222222222222,1
311,0.96,11.25,1
312,0.96,11.5277777777778,1
313,0.96,11.5388888888889,1
314,0.96,9.43888888888889,1
315,0.96,11.4388888888889,1
316,0.96,11.394444444444401,1
317,0.96,11.5277777777778,1
318,0.93,11.95,1
319,1.0,11.9722222222222,1
320,0.96,12.6333333333333,1
321,0.96,12.755555555555599,1
322,0.9,13.8444444444444,1
323,0.94,13.1722222222222,1
324,0.86,15.066666666666698,1
325,0.75,17.2444444444444,0
326,0.76,16.3166666666667,0
327,0.74,17.3833333333333,0
328,0.76,15.272222222222199,1
329,0.72,17.4555555555556,0
330,0.77,16.2222222222222,0
331,0.82,15.083333333333302,1
332,0.88,13.994444444444401,1
333,0.92,12.1722222222222,1
334,0.95,11.088888888888901,1
335,0.95,11.0944444444444,1
336,0.96,9.88333333333333,1
337,0.96,9.355555555555561,1
338,0.96,9.861111111111109,1
339,0.99,8.27222222222222,1
340,0.96,8.86666666666667,1
341,0.96,8.81666666666667,1
342,1.0,7.155555555555559,1
343,0.99,8.85,1
344,0.93,11.1777777777778,1
345,0.98,12.3888888888889,1
346,0.88,14.144444444444401,1
347,0.72,17.1,0
348,0.64,18.938888888888897,0
349,0.68,17.9166666666667,0
350,0.53,19.983333333333302,0
351,0.62,20.072222222222198,0
352,0.56,20.072222222222198,0
353,0.58,20.0833333333333,0
354,0.63,19.0888888888889,0
355,0.62,17.45,0
356,0.74,15.566666666666698,1
357,0.91,12.494444444444401,1
358,0.89,12.244444444444401,1
359,0.92,11.416666666666698,1
360,0.95,10.5555555555556,1
361,0.93,10.4666666666667,1
362,0.95,10.25,1
363,0.96,9.355555555555561,1
364,0.96,8.31111111111111,1
365,0.96,8.81111111111111,1
366,0.93,8.73333333333333,1
367,0.93,11.933333333333302,1
368,0.84,14.516666666666698,1
369,0.68,18.733333333333302,0
370,0.6,20.0277777777778,0
371,0.55,21.0388888888889,0
372,0.46,20.738888888888898,0
373,0.48,22.3166666666667,0
374,0.5,22.111111111111104,0
375,0.38,22.733333333333302,0
376,0.37,22.7777777777778,0
377,0.41,21.216666666666697,0
378,0.45,20.1833333333333,0
379,0.68,18.011111111111102,0
380,0.65,17.4222222222222,0
381,0.82,13.9611111111111,1
382,0.89,13.2888888888889,1
383,0.89,12.3222222222222,1
384,0.95,11.1166666666667,1
385,0.95,10.5333333333333,1
386,0.8,12.3833333333333,1
387,0.96,9.861111111111109,1
388,0.95,8.87222222222222,1
389,0.94,8.672222222222219,1
390,1.0,7.68888888888889,1
391,0.99,10.911111111111099,1
392,0.82,14.838888888888901,1
393,0.65,18.8,0
394,0.49,21.0944444444444,0
395,0.49,22.0277777777778,0
396,0.47,22.8277777777778,0
397,0.37,22.9166666666667,0
398,0.37,23.9166666666667,0
399,0.4,23.9111111111111,0
400,0.37,23.9333333333333,0
401,0.32,23.9166666666667,0
402,0.44,22.822222222222198,0
403,0.48,21.2277777777778,0
404,0.51,19.0777777777778,0
405,0.63,17.0611111111111,0
406,0.72,14.9055555555556,1
407,0.87,13.083333333333302,1
408,0.89,12.7111111111111,1
409,0.89,12.127777777777801,1
410,0.84,11.8111111111111,1
411,0.8,12.016666666666698,1
412,0.8,12.044444444444402,1
413,0.86,10.627777777777801,1
414,0.99,9.91111111111111,1
415,0.9,12.555555555555598,1
416,0.78,15.005555555555599,1
417,0.74,17.3388888888889,0
418,0.67,19.1,0
419,0.57,21.261111111111102,0
420,0.54,22.4111111111111,0
421,0.5,22.938888888888897,0
422,0.47,23.927777777777802,0
423,0.47,23.9611111111111,0
424,0.38,23.9611111111111,0
425,0.42,23.111111111111104,0
426,0.44,22.822222222222198,0
427,0.47,21.111111111111104,0
428,0.58,18.188888888888897,0
429,0.72,16.016666666666698,0
430,0.72,15.466666666666699,1
431,0.76,14.605555555555599,1
432,0.82,13.3111111111111,1
433,0.83,12.733333333333302,1
434,0.77,13.7888888888889,1
435,0.88,10.5777777777778,1
436,0.92,10.4833333333333,1
437,0.91,10.2888888888889,1
438,0.92,9.972222222222221,1
439,0.9,13.6388888888889,1
440,0.74,16.7388888888889,0
441,0.65,18.8388888888889,0
442,0.59,21.1611111111111,0
443,0.53,22.5888888888889,0
444,0.48,22.8944444444444,0
445,0.47,24.0055555555555,0
446,0.35,24.0055555555555,0
447,0.44,23.9777777777778,0
448,0.32,25.044444444444398,0
449,0.35,24.0777777777778,0
450,0.45,22.3833333333333,0
451,0.52,21.205555555555602,0
452,0.62,18.261111111111102,0
453,0.67,17.2,0
454,0.75,15.994444444444401,1
455,0.79,15.9611111111111,1
456,0.72,15.444444444444402,1
457,0.75,14.372222222222199,1
458,0.9,13.605555555555599,1
459,0.82,12.8222222222222,1
460,0.83,12.75,1
461,0.92,11.416666666666698,1
462,0.86,12.333333333333302,1
463,0.78,14.9055555555556,1
464,0.74,15.894444444444401,1
465,0.72,17.2277777777778,0
466,0.73,17.8277777777778,0
467,0.72,17.9166666666667,0
468,0.67,19.0555555555556,0
469,0.67,20.1444444444444,0
470,0.62,20.261111111111102,0
471,0.62,21.205555555555602,0
472,0.67,21.255555555555603,0
473,0.66,20.233333333333302,0
474,0.71,19.0777777777778,0
475,0.77,17.9444444444444,0
476,0.82,15.494444444444401,1
477,0.89,14.144444444444401,1
478,0.86,14.5388888888889,1
479,0.86,14.1388888888889,1
480,0.9,13.4,1
481,0.9,13.4277777777778,1
482,0.74,11.588888888888901,1
483,0.83,14.4222222222222,1
484,0.86,13.916666666666698,1
485,0.9,13.4,1
486,0.9,13.8666666666667,1
487,0.84,14.9055555555556,1
488,0.74,15.933333333333302,1
489,0.65,17.1277777777778,0
490,0.58,18.75,0
491,0.6,18.9611111111111,0
492,0.54,19.994444444444397,0
493,0.5,21.111111111111104,0
494,0.46,21.0944444444444,0
495,0.43,21.177777777777802,0
496,0.41,21.2277777777778,0
497,0.45,20.1,0
498,0.51,19.0277777777778,0
499,0.59,17.85,0
500,0.66,16.2611111111111,0
501,0.72,14.983333333333302,1
502,0.65,14.466666666666699,1
503,0.6,13.944444444444402,0
504,0.65,12.316666666666698,1
505,0.66,11.7611111111111,1
506,0.62,10.8277777777778,0
507,0.73,10.1388888888889,1
508,0.71,10.627777777777801,1
509,0.69,10.6055555555556,1
510,0.71,10.0722222222222,1
511,0.71,11.161111111111099,1
512,0.67,12.8888888888889,1
513,0.6,15.05,0
514,0.59,15.161111111111099,0
515,0.56,16.2722222222222,0
516,0.46,17.8,0
517,0.46,17.938888888888897,0
518,0.41,18.8555555555556,0
519,0.43,17.988888888888898,0
520,0.51,17.9611111111111,0
521,0.47,17.3611111111111,0
522,0.52,16.25,0
523,0.47,14.122222222222199,0
524,0.55,12.95,0
525,0.52,12.244444444444401,0
526,0.57,11.6888888888889,0
527,0.59,11.1555555555556,0
528,0.9,9.21666666666667,1
529,0.9,8.68333333333333,1
530,0.77,9.18888888888889,1
531,0.93,8.594444444444441,1
532,0.93,7.50555555555555,1
533,0.95,6.2166666666666694,1
534,0.93,5.85555555555556,1
535,1.0,5.93333333333333,1
536,1.0,10.4055555555556,1
537,0.78,12.544444444444402,1
538,0.77,13.8611111111111,1
539,0.63,15.977777777777801,0
540,0.57,17.266666666666698,0
541,0.5,17.8444444444445,0
542,0.54,16.427777777777802,0
543,0.46,17.7777777777778,0
544,0.45,17.8444444444445,0
545,0.5,17.3,0
546,0.65,15.183333333333302,1
547,0.7,13.005555555555599,1
548,0.74,12.694444444444402,1
549,0.72,12.194444444444402,1
550,0.71,12.083333333333302,1
551,0.74,10.6166666666667,1
552,0.57,11.6,0
553,0.6,11.022222222222199,0
554,0.6,11.8888888888889,0
555,0.64,10.4166666666667,0
556,0.67,10.3,1
557,0.72,9.48333333333333,1
558,0.68,9.77222222222222,1
559,0.67,10.933333333333302,1
560,0.66,11.6555555555556,1
561,0.55,13.9388888888889,0
562,0.54,15.0277777777778,0
563,0.47,16.0388888888889,0
564,0.51,15.227777777777801,0
565,0.44,16.2055555555556,0
566,0.43,17.3,0
567,0.43,17.7777777777778,0
568,0.38,17.8,0
569,0.39,17.2611111111111,0
570,0.38,17.2,0
571,0.45,15.022222222222199,0
572,0.47,13.9277777777778,0
573,0.57,12.3666666666667,0
574,0.59,12.294444444444402,0
575,0.56,12.7888888888889,0
576,0.76,9.53333333333333,1
577,0.71,9.972222222222221,1
578,0.91,4.9111111111111105,1
579,0.78,7.91666666666667,1
580,0.82,7.38333333333333,1
581,0.82,7.97222222222222,1
582,0.84,8.81666666666667,1
583,0.84,8.79444444444444,1
584,0.89,7.888888888888889,1
585,0.96,7.8,1
586,0.95,7.822222222222219,1
587,0.95,7.94444444444444,1
588,0.94,8.077777777777781,1
589,0.81,10.227777777777801,1
590,0.74,11.3611111111111,1
591,0.7,12.45,1
592,0.67,12.916666666666698,1
593,0.62,12.55,0
594,0.69,12.3833333333333,1
595,0.75,10.227777777777801,1
596,0.78,9.22777777777778,1
597,0.87,7.82777777777778,1
598,0.91,6.677777777777781,1
599,0.91,6.12222222222222,1
600,0.95,5.32777777777778,1
601,0.95,4.35555555555556,1
602,0.89,9.27222222222222,1
603,0.92,4.26111111111111,1
604,0.92,3.21666666666667,1
605,0.92,3.90555555555556,1
606,0.96,2.71111111111111,1
607,1.0,3.81666666666666,1
608,0.93,6.88333333333333,1
609,0.88,8.93888888888889,1
610,0.79,11.205555555555598,1
611,0.7,12.85,1
612,0.63,13.9611111111111,0
613,0.51,14.977777777777801,0
614,0.57,14.0277777777778,0
615,0.51,15.022222222222199,0
616,0.54,15.044444444444402,0
617,0.5,15.088888888888901,0
618,0.51,14.95,0
619,0.59,13.816666666666698,0
620,0.64,12.916666666666698,0
621,0.59,13.838888888888901,0
622,0.69,12.755555555555599,1
623,0.74,12.65,1
624,0.8,11.6888888888889,1
625,0.88,10.627777777777801,1
626,0.91,5.66666666666667,1
627,0.92,10.05,1
628,0.93,9.97777777777778,1
629,0.95,9.777777777777779,1
630,0.99,8.66111111111111,1
631,0.95,7.55,1
632,0.93,7.23333333333334,1
633,0.92,6.0444444444444505,1
634,0.85,6.094444444444441,1
635,0.82,6.11666666666667,1
636,0.86,6.06666666666667,1
637,0.93,6.03888888888889,1
638,0.93,6.888888888888889,1
639,0.86,7.06111111111111,1
640,0.93,6.03888888888889,1
641,0.93,6.072222222222219,1
642,0.93,5.044444444444441,1
643,0.92,5.0222222222222195,1
644,0.93,5.033333333333339,1
645,0.93,5.0,1
646,0.93,4.9777777777777805,1
647,0.87,4.93333333333333,1
648,0.92,4.4666666666666694,1
649,0.92,4.44444444444444,1
650,0.83,4.01111111111111,1
651,0.86,4.905555555555559,1
652,0.83,4.88333333333333,1
653,0.89,4.38888888888889,1
654,0.86,4.8388888888888895,1
655,0.83,4.81111111111111,1
656,0.84,4.94444444444444,1
657,0.65,7.2,1
658,0.67,7.77777777777778,1
659,0.64,8.72777777777778,0
660,0.57,8.98333333333333,0
661,0.5,10.0,0
662,0.55,10.0944444444444,0
663,0.46,11.0611111111111,0
664,0.42,10.1388888888889,0
665,0.42,11.0111111111111,0
666,0.49,10.1166666666667,0
667,0.57,7.91666666666667,0
668,0.63,7.333333333333339,0
669,0.75,5.05,1
670,0.76,3.93333333333333,1
671,0.77,4.09444444444444,1
672,0.82,3.8,1
673,0.85,2.68888888888889,1
674,0.81,5.06666666666667,1
675,0.85,2.6,1
676,0.92,1.5833333333333302,1
677,0.9,2.15555555555556,1
678,0.92,0.955555555555555,1
679,0.92,0.955555555555555,1
680,0.82,5.59444444444445,1
681,0.66,9.822222222222221,1
682,0.54,11.0722222222222,0
683,0.48,11.055555555555598,0
684,0.43,12.244444444444401,0
685,0.41,12.85,0
686,0.38,12.8888888888889,0
687,0.4,12.916666666666698,0
688,0.46,13.8888888888889,0
689,0.48,13.022222222222199,0
690,0.49,12.3833333333333,0
691,0.57,10.2055555555556,0
692,0.62,9.14444444444445,0
693,0.68,7.82777777777778,1
694,0.65,7.73333333333333,1
695,0.69,7.14444444444444,1
696,0.74,6.01666666666667,1
697,0.76,5.46111111111111,1
698,0.72,8.24444444444445,1
699,0.82,3.8388888888888903,1
700,0.91,2.24444444444444,1
701,0.93,2.02222222222222,1
702,0.92,2.17222222222222,1
703,0.89,3.6611111111111097,1
704,0.79,6.111111111111111,1
705,0.66,10.005555555555599,1
706,0.52,12.244444444444401,0
707,0.5,12.9388888888889,0
708,0.5,13.983333333333302,0
709,0.44,15.0944444444444,0
710,0.43,16.25,0
711,0.41,17.266666666666698,0
712,0.38,17.2888888888889,0
713,0.37,17.3888888888889,0
714,0.38,17.2888888888889,0
715,0.44,15.088888888888901,0
716,0.58,11.7111111111111,0
717,0.61,11.161111111111099,0
718,0.68,10.0277777777778,1
719,0.65,10.1388888888889,1
720,0.87,21.016666666666698,0
721,0.9,19.4444444444444,0
722,0.81,20.7222222222222,0
723,0.93,18.794444444444398,0
724,0.93,17.733333333333302,0
725,0.95,17.6055555555556,0
726,0.93,18.733333333333302,0
727,0.8,22.5555555555556,0
728,0.7,24.761111111111102,0
729,0.56,27.1722222222222,0
730,0.55,28.9111111111111,0
731,0.42,30.955555555555602,0
732,0.38,32.1722222222222,0
733,0.32,32.1277777777778,0
734,0.35,31.983333333333302,0
735,0.38,32.5388888888889,0
736,0.4,31.9777777777778,0
737,0.41,32.0111111111111,0
738,0.39,30.9444444444444,0
739,0.5,28.572222222222198,0
740,0.59,27.0944444444444,0
741,0.65,24.6944444444444,0
742,0.7,24.138888888888896,0
743,0.77,23.1222222222222,0
744,0.92,15.5611111111111,1
745,0.87,15.494444444444401,1
746,0.91,16.5388888888889,0
747,0.9,13.8,1
748,0.9,13.316666666666698,1
749,0.92,12.605555555555599,1
750,0.93,12.3277777777778,1
751,0.87,14.966666666666699,1
752,0.87,16.2611111111111,0
753,0.92,16.25,0
754,0.89,18.888888888888896,0
755,0.76,21.35,0
756,0.76,21.205555555555602,0
757,0.72,22.3388888888889,0
758,0.66,23.033333333333303,0
759,0.62,23.9111111111111,0
760,0.51,24.9777777777778,0
761,0.58,23.8,0
762,0.53,23.5944444444444,0
763,0.68,22.505555555555603,0
764,0.78,20.016666666666698,0
765,0.74,19.9111111111111,0
766,0.76,19.3555555555556,0
767,0.85,17.8833333333333,0
768,0.89,17.25,0
769,0.92,16.6277777777778,0
770,0.84,15.8444444444444,1
771,0.92,17.0,0
772,0.86,17.0666666666667,0
773,0.79,16.5055555555556,0
774,0.83,14.983333333333302,1
775,0.81,16.0222222222222,0
776,0.81,16.1611111111111,0
777,0.68,18.8444444444444,0
778,0.68,21.1166666666667,0
779,0.62,22.505555555555603,0
780,0.54,23.794444444444398,0
781,0.51,23.888888888888896,0
782,0.44,25.8333333333333,0
783,0.43,25.927777777777802,0
784,0.42,25.0,0
785,0.43,24.9444444444444,0
786,0.45,24.927777777777802,0
787,0.51,22.8,0
788,0.7,19.3388888888889,0
789,0.78,17.8055555555556,0
790,0.75,17.783333333333303,0
791,0.79,16.4888888888889,0
792,0.83,15.694444444444402,1
793,0.81,15.627777777777801,1
794,0.93,16.2111111111111,0
795,0.84,15.5777777777778,1
796,0.81,15.5777777777778,1
797,0.81,15.605555555555599,1
798,0.83,15.05,1
799,0.73,17.0666666666667,0
800,0.72,17.483333333333302,0
801,0.71,17.6666666666667,0
802,0.69,18.8,0
803,0.67,19.6833333333333,0
804,0.78,18.822222222222198,0
805,0.77,20.0,0
806,0.72,21.15,0
807,0.67,23.6555555555555,0
808,0.6,23.6166666666667,0
809,0.62,23.8166666666667,0
810,0.7,22.0388888888889,0
811,0.7,19.95,0
812,0.8,18.9222222222222,0
813,0.88,17.266666666666698,0
814,0.9,16.177777777777802,0
815,0.93,15.833333333333302,1
816,0.93,16.733333333333302,0
817,0.97,16.7111111111111,0
818,0.97,16.266666666666698,0
819,0.97,16.1388888888889,0
820,0.97,16.0888888888889,0
821,0.96,15.555555555555598,1
822,1.0,14.516666666666698,1
823,0.99,17.0888888888889,0
824,0.96,17.6666666666667,0
825,0.85,19.794444444444398,0
826,0.74,22.016666666666698,0
827,0.73,21.138888888888896,0
828,0.73,21.044444444444398,0
829,0.89,18.938888888888897,0
830,0.9,18.9166666666667,0
831,0.78,20.05,0
832,0.73,21.0666666666667,0
833,0.78,20.05,0
834,0.83,20.0,0
835,0.9,18.8666666666667,0
836,0.96,17.955555555555602,0
837,0.97,17.7111111111111,0
838,0.93,17.733333333333302,0
839,0.97,16.7944444444444,0
840,0.97,16.6666666666667,0
841,0.97,16.1611111111111,0
842,0.91,17.0111111111111,0
843,0.97,16.1166666666667,0
844,0.97,16.1166666666667,0
845,0.96,15.555555555555598,1
846,1.0,14.005555555555599,1
847,0.93,16.1166666666667,0
848,0.93,16.05,0
849,0.99,16.2111111111111,0
850,0.89,17.8055555555556,0
851,0.84,18.8833333333333,0
852,0.77,20.188888888888897,0
853,0.67,22.266666666666698,0
854,0.7,22.3555555555556,0
855,0.54,23.8666666666667,0
856,0.58,23.888888888888896,0
857,0.56,22.955555555555602,0
858,0.58,22.4777777777778,0
859,0.7,20.8555555555556,0
860,0.82,19.1611111111111,0
861,0.84,17.733333333333302,0
862,0.81,18.238888888888898,0
863,0.88,17.8166666666667,0
864,0.84,17.7111111111111,0
865,0.9,17.2,0
866,0.9,15.305555555555598,1
867,0.93,16.55,0
868,0.96,16.094444444444402,0
869,0.93,15.55,1
870,0.93,14.933333333333302,1
871,0.93,17.0888888888889,0
872,0.85,18.6555555555556,0
873,0.79,19.811111111111103,0
874,0.73,21.061111111111103,0
875,0.63,22.205555555555602,0
876,0.57,22.75,0
877,0.54,23.794444444444398,0
878,0.51,23.483333333333302,0
879,0.53,23.9611111111111,0
880,0.5,24.95,0
881,0.53,23.955555555555602,0
882,0.5,23.955555555555602,0
883,0.54,23.861111111111104,0
884,0.75,19.266666666666698,0
885,0.87,17.2888888888889,0
886,0.93,16.6222222222222,0
887,0.87,16.6722222222222,0
888,0.93,15.0722222222222,1
889,0.93,14.516666666666698,1
890,0.8,17.8444444444445,0
891,0.93,14.444444444444402,1
892,0.96,13.8888888888889,1
893,0.9,14.433333333333302,1
894,0.87,14.9277777777778,1
895,0.82,17.0444444444444,0
896,0.78,18.7888888888889,0
897,0.73,21.1611111111111,0
898,0.62,23.8666666666667,0
899,0.56,24.966666666666697,0
900,0.47,26.1333333333333,0
901,0.44,27.2222222222222,0
902,0.39,27.738888888888898,0
903,0.4,27.7777777777778,0
904,0.39,27.8,0
905,0.37,27.8722222222222,0
906,0.43,26.1555555555555,0
907,0.54,23.9777777777778,0
908,0.58,22.572222222222198,0
909,0.6,21.138888888888896,0
910,0.67,20.438888888888897,0
911,0.7,20.427777777777802,0
912,0.74,19.3555555555556,0
913,0.76,18.75,0
914,0.85,19.8777777777778,0
915,0.84,17.2222222222222,0
916,0.87,16.6444444444444,0
917,0.88,16.55,0
918,0.87,16.094444444444402,0
919,0.84,17.6666666666667,0
920,0.7,20.783333333333303,0
921,0.67,22.733333333333302,0
922,0.55,26.016666666666698,0
923,0.58,26.1277777777778,0
924,0.51,28.8388888888889,0
925,0.51,29.0055555555555,0
926,0.45,31.033333333333303,0
927,0.36,31.1333333333333,0
928,0.41,31.1333333333333,0
929,0.41,31.2111111111111,0
930,0.48,30.0222222222222,0
931,0.58,27.8722222222222,0
932,0.66,25.4055555555556,0
933,0.79,22.7555555555555,0
934,0.79,22.688888888888897,0
935,0.84,21.2,0
936,0.81,21.55,0
937,0.82,21.438888888888897,0
938,0.92,19.505555555555603,0
939,0.88,19.861111111111104,0
940,0.87,19.3333333333333,0
941,0.91,18.75,0
942,0.9,18.8444444444444,0
943,0.87,19.9111111111111,0
944,0.81,22.1055555555556,0
945,0.69,24.95,0
946,0.74,25.0,0
947,0.67,27.3,0
948,0.62,27.966666666666697,0
949,0.5,30.1166666666667,0
950,0.45,31.044444444444398,0
951,0.47,31.205555555555602,0
952,0.42,32.1722222222222,0
953,0.4,32.5444444444444,0
954,0.44,31.0388888888889,0
955,0.54,28.955555555555602,0
956,0.64,26.4777777777778,0
957,0.73,22.9166666666667,0
958,0.73,23.3833333333333,0
959,0.83,22.45,0
960,0.77,22.6,0
961,0.9,19.983333333333302,0
962,0.87,20.955555555555602,0
963,0.9,18.8722222222222,0
964,0.93,18.3388888888889,0
965,0.93,18.85,0
966,0.99,17.2777777777778,0
967,0.87,19.9166666666667,0
968,0.74,23.6,0
969,0.61,25.994444444444397,0
970,0.55,27.733333333333302,0
971,0.5,28.794444444444398,0
972,0.47,29.8833333333333,0
973,0.45,30.9722222222222,0
974,0.41,31.9166666666667,0
975,0.42,32.1277777777778,0
976,0.39,32.1277777777778,0
977,0.44,31.0833333333333,0
978,0.44,31.016666666666698,0
979,0.64,27.266666666666698,0
980,0.68,25.455555555555602,0
981,0.84,22.8,0
982,0.79,23.216666666666697,0
983,0.85,22.238888888888898,0
984,0.84,20.4166666666667,0
985,0.85,19.8833333333333,0
986,0.92,16.8111111111111,0
987,0.9,19.3777777777778,0
988,0.93,18.8666666666667,0
989,0.93,18.8833333333333,0
990,0.97,17.8722222222222,0
991,0.99,18.938888888888897,0
992,0.92,20.0888888888889,0
993,0.87,21.0888888888889,0
994,0.81,22.177777777777802,0
995,0.71,23.533333333333303,0
996,0.69,23.8444444444444,0
997,0.62,24.955555555555602,0
998,0.58,25.9222222222222,0
999,0.62,24.9611111111111,0
1000,0.58,24.794444444444398,0
